hystack answer,hystack context
the tombs,mids drew attention to the tombs inside them. Grave robbers broke into the tombs to steal the treasure buried with the pharaohs. Egyptians believed th
stone or brick houses and temples,s to write and keep records. Some skilled artisans erected stone or brick houses and temples. A few Egyptians traveled to the upper Nile to trade with
pharaohs,uched. The dazzling riches found in this tomb show how much wealth the pharaohs spent preparing for the afterlife. This period of Egyptian history is 
yeast and water, were the first to grind wheat into flour and to mix the flour with yeast and water to make dough rise into bread. Egyptians often painted walls white
cool season,"ans simply went to the roof to cool off after sunset. Even during the cool season, chipping minerals out of the rock was miserable work. One ancient p"
flour,hniques gave them more farmland. They were the first to grind wheat into flour and to mix the flour with yeast and water to make dough rise into bread
42 provinces, beasts. Egyptians created a government that divided the empire into 42 provinces. Many officials worked to keep the provinces running smoothly. Pries
Egyptian,"and the New Kingdom. The Old Kingdom started about 2575 B.C., when the Egyptian empire was gaining strength. In such a case, a rival might drive him f"
The river’s current,"erang is a curved stick that returns to the person who threw it.) The river’s current was slow, so boaters used paddles to go faster when they travele"
